-175,-924000
-175,-923750
-175,-923500
-175,-923250
-175,-923000
-175,-922750
-175,-922500
-175,-922250
-175,-922000
-175,-921750
-175,-921500
-175,-921250
-175,-921000
-175,-920750
-175,-920500
-175,-920250
-175,-920000
-175,-919750
-175,-919500
-175,-919250
-175,-919000
-175,-918750
-175,-918500
-175,-918250
-175,-918000
-175,-917750
-175,-917500
-175,-917250
-175,-917000
-175,-916750
-175,-916500
-175,-916250
-175,-916000
-175,-915750
-175,-915500
-175,-915250
-175,-915000
-175,-914750
-175,-914500
-175,-914250
-175,-914000
-175,-913750
-175,-913500
-175,-913250
-175,-913000
-175,-912750
-175,-912500
-175,-912250
-175,-912000
-175,-911750
-175,-911500
-175,-911250
-175,-911000
-175,-910750
-175,-910500
-175,-910250
-175,-910000
-175,-909750
-175,-909500
-175,-909250
-175,-909000
-175,-908750
-175,-908500
-175,-908250
-175,-908000
-175,-907750
-175,-907500
-175,-907250
-175,-907000
-175,-906750
-175,-906500
-175,-906250
-175,-906000
-175,-905750
-175,-905500
-175,-905250
-175,-905000
-175,-904750
-175,-904500
-175,-904250
-175,-904000
-175,-903750
-175,-903500
-175,-903250
-175,-903000
-175,-902750
-175,-902500
-175,-902250
-175,-902000
-175,-901750
-175,-901500
-175,-901250
-175,-901000
-175,-900750
-175,-900500
-175,-900250
-175,-900000
-175,-899750
-175,-899500
-175,-899250
-175,-899000
-175,-898750
-175,-898500
-175,-898250
-175,-898000
-175,-897750
-175,-897500
-175,-897250
-175,-897000
-175,-896750
-175,-896500
-175,-896250
-175,-896000
-175,-895750
-175,-895500
-175,-895250
-175,-895000
-175,-894750
-175,-894500
-175,-894250
-175,-894000
-175,-893750
-175,-893500
-175,-893250
-175,-893000
-175,-892750
-175,-892500
-175,-892250
-175,-892000
-175,-891750
-175,-891500
-175,-891250
-175,-891000
-175,-890750
-175,-890500
-175,-890250
-175,-890000
-175,-889750
-175,-889500
-175,-889250
-175,-889000
-175,-888750
-175,-888500
-175,-888250
-175,-888000
-175,-887750
-175,-887500
-175,-887250
-175,-887000
-175,-886750
-175,-886500
-175,-886250
-175,-886000
-175,-885750
-175,-885500
-175,-885250
-175,-885000
-175,-884750
-175,-884500
-175,-884250
-175,-884000
-175,-883750
-175,-883500
-175,-883250
-175,-883000
-175,-882750
-175,-882500
-175,-882250
-175,-882000
-175,-881750
-175,-881500
-175,-881250
-175,-881000
-175,-880750
-175,-880500
-175,-880250
-175,-880000
-175,-879750
-175,-879500
-175,-879250
-175,-879000
-175,-878750
-175,-878500
-175,-878250
-175,-878000
-175,-877750
-175,-877500
-175,-877250
-175,-877000
-175,-876750
-175,-876500
-175,-876250
-175,-876000
-175,-875750
-175,-875500
-175,-875250
-175,-875000
-175,-874750
-175,-874500
-175,-874250
-175,-874000
-175,-873750
-175,-873500
-175,-873250
-175,-873000
-175,-872750
-175,-872500
-175,-872250
-175,-872000
-175,-871750
-175,-871500
-175,-871250
-175,-871000
-175,-870750
-175,-870500
-175,-870250
-175,-870000
-175,-869750
-175,-869500
-175,-869250
-175,-869000
-175,-868750
-175,-868500
-175,-868250
-175,-868000
-175,-867750
-175,-867500
-175,-867250
-175,-867000
-175,-866750
-175,-866500
-175,-866250
-175,-866000
-175,-865750
-175,-865500
-175,-865250
-175,-865000
-175,-864750
-175,-864500
-175,-864250
-175,-864000
-175,-863750
-175,-863500
-175,-863250
-175,-863000
-175,-862750
-175,-862500
-175,-862250
-175,-862000
-175,-861750
-175,-861500
-175,-861250
-175,-861000
-175,-860750
-175,-860500
-175,-860250
-175,-860000
-175,-859750
-175,-859500
-175,-859250
-175,-859000
-175,-858750
-175,-858500
-175,-858250
-175,-858000
-175,-857750
-175,-857500
-175,-857250
-175,-857000
-175,-856750
-175,-856500
-175,-856250
-175,-856000
-175,-855750
-175,-855500
-175,-855250
-175,-855000
-175,-854750
-175,-854500
-175,-854250
-175,-854000
-175,-853750
-175,-853500
-175,-853250
-175,-853000
-175,-852750
-175,-852500
-175,-852250
-175,-852000
-175,-851750
-175,-851500
-175,-851250
-175,-851000
-175,-850750
-175,-850500
-175,-850250
-175,-850000
-175,-849750
-175,-849500
-175,-849250
-175,-849000
-175,-848750
-175,-848500
-175,-848250
-175,-848000
-175,-847750
-175,-847500
-175,-847250
-175,-847000
-175,-846750
-175,-846500
-175,-846250
-175,-846000
-175,-845750
-175,-845500
-175,-845250
-175,-845000
-175,-844750
-175,-844500
-175,-844250
-175,-844000
-175,-843750
-175,-843500
-175,-843250
-175,-843000
-175,-842750
-175,-842500
-175,-842250
-175,-842000
-175,-841750
-175,-841500
-175,-841250
-175,-841000
-175,-840750
-175,-840500
-175,-840250
-175,-840000
-175,-839750
-175,-839500
-175,-839250
-175,-839000
-175,-838750
-175,-838500
-175,-838250
-175,-838000
-175,-837750
-175,-837500
-175,-837250
-175,-837000
-175,-836750
-175,-836500
-175,-836250
-175,-836000
-175,-835750
-175,-835500
-175,-835250
-175,-835000
-175,-834750
-175,-834500
-175,-834250
-175,-834000
-175,-833750
-175,-833500
-175,-833250
-175,-833000
-175,-832750
-175,-832500
-175,-832250
-175,-832000
-175,-831750
-175,-831500
-175,-831250
-175,-831000
-175,-830750
-175,-830500
-175,-830250
-175,-830000
-175,-829750
-175,-829500
-175,-829250
-175,-829000
-175,-828750
-175,-828500
-175,-828250
-175,-828000
-175,-827750
-175,-827500
-175,-827250
-175,-827000
-175,-826750
-175,-826500
-175,-826250
-175,-826000
-175,-825750
-175,-825500
-175,-825250
-175,-825000
-175,-824750
-175,-824500
-175,-824250
-175,-824000
-175,-823750
-175,-823500
-175,-823250
-175,-823000
-175,-822750
-175,-822500
-175,-822250
-175,-822000
-175,-821750
-175,-821500
-175,-821250
-175,-821000
-175,-820750
-175,-820500
-175,-820250
-175,-820000
-175,-819750
-175,-819500
-175,-819250
-175,-819000
-175,-818750
-175,-818500
-175,-818250
-175,-818000
-175,-817750
-175,-817500
-175,-817250
-175,-817000
-175,-816750
-175,-816500
-175,-816250
-175,-816000
-175,-815750
-175,-815500
-175,-815250
-175,-815000
-175,-814750
-175,-814500
-175,-814250
-175,-814000
-175,-813750
-175,-813500
-175,-813250
-175,-813000
-175,-812750
-175,-812500
-175,-812250
-175,-812000
-175,-811750
-175,-811500
-175,-811250
-175,-811000
-175,-810750
-175,-810500
-175,-810250
-175,-810000
-175,-809750
-175,-809500
-175,-809250
-175,-809000
-175,-808750
-175,-808500
-175,-808250
-175,-808000
-175,-807750
-175,-807500
-175,-807250
-175,-807000
-175,-806750
-175,-806500
-175,-806250
-175,-806000
-175,-805750
-175,-805500
-175,-805250
-175,-805000
-175,-804750
-175,-804500
-175,-804250
-175,-804000
-175,-803750
-175,-803500
-175,-803250
-175,-803000
-175,-802750
-175,-802500
-175,-802250
-175,-802000
-175,-801750
-175,-801500
-175,-801250
-175,-801000
-175,-800750
-175,-800500
-175,-800250
-175,-800000
-175,-799750
-175,-799500
-175,-799250
-175,-799000
-175,-798750
-175,-798500
-175,-798250
-175,-798000
-175,-797750
-175,-797500
-175,-797250
-175,-797000
-175,-796750
-175,-796500
-175,-796250
-175,-796000
-175,-795750
-175,-795500
-175,-795250
-175,-795000
-175,-794750
-175,-794500
-175,-794250
-175,-794000
-175,-793750
-175,-793500
-175,-793250
-175,-793000
-175,-792750
-175,-792500
-175,-792250
-175,-792000
-175,-791750
-175,-791500
-175,-791250
-175,-791000
-175,-790750
-175,-790500
-175,-790250
-175,-790000
-175,-789750
-175,-789500
-175,-789250
-175,-789000
-175,-788750
-175,-788500
-175,-788250
-175,-788000
-175,-787750
-175,-787500
-175,-787250
-175,-787000
-175,-786750
-175,-786500
-175,-786250
-175,-786000
-175,-785750
-175,-785500
-175,-785250
-175,-785000
-175,-784750
-175,-784500
-175,-784250
-175,-784000
-175,-783750
-175,-783500
-175,-783250
-175,-783000
-175,-782750
-175,-782500
-175,-782250
-175,-782000
-175,-781750
-175,-781500
-175,-781250
-175,-781000
-175,-780750
-175,-780500
-175,-780250
-175,-780000
-175,-779750
-175,-779500
-175,-779250
-175,-779000
-175,-778750
-175,-778500
-175,-778250
-175,-778000
-175,-777750
-175,-777500
-175,-777250
-175,-777000
-175,-776750
-175,-776500
-175,-776250
-175,-776000
-175,-775750
-175,-775500
-175,-775250
-175,-775000
-175,-774750
-175,-774500
-175,-774250
-175,-774000
-175,-773750
-175,-773500
-175,-773250
-175,-773000
-175,-772750
-175,-772500
-175,-772250
-175,-772000
-175,-771750
-175,-771500
-175,-771250
-175,-771000
-175,-770750
-175,-770500
-175,-770250
-175,-770000
-175,-769750
-175,-769500
-175,-769250
-175,-769000
-175,-768750
-175,-768500
-175,-768250
-175,-768000
-175,-767750
-175,-767500
-175,-767250
-175,-767000
-175,-766750
-175,-766500
-175,-766250
-175,-766000
-175,-765750
-175,-765500
-175,-765250
-175,-765000
-175,-764750
-175,-764500
-175,-764250
-175,-764000
-175,-763750
-175,-763500
-175,-763250
-175,-763000
-175,-762750
-175,-762500
-175,-762250
-175,-762000
-175,-761750
-175,-761500
-175,-761250
-175,-761000
-175,-760750
-175,-760500
-175,-760250
-175,-760000
-175,-759750
-175,-759500
-175,-759250
-175,-759000
-175,-758750
-175,-758500
-175,-758250
-175,-758000
-175,-757750
-175,-757500
-175,-757250
-175,-757000
-175,-756750
-175,-756500
-175,-756250
-175,-756000
-175,-755750
-175,-755500
-175,-755250
-175,-755000
-175,-754750
-175,-754500
-175,-754250
-175,-754000
-175,-753750
-175,-753500
-175,-753250
-175,-753000
-175,-752750
-175,-752500
-175,-752250
-175,-752000
-175,-751750
-175,-751500
-175,-751250
-175,-751000
-175,-750750
-175,-750500
-175,-750250
-175,-750000
-175,-749750
-175,-749500
-175,-749250
-175,-749000
-175,-748750
-175,-748500
-175,-748250
-175,-748000
-175,-747750
-175,-747500
-175,-747250
-175,-747000
-175,-746750
-175,-746500
-175,-746250
-175,-746000
-175,-745750
-175,-745500
-175,-745250
-175,-745000
-175,-744750
-175,-744500
-175,-744250
-175,-744000
-175,-743750
-175,-743500
-175,-743250
-175,-743000
-175,-742750
-175,-742500
-175,-742250
-175,-742000
-175,-741750
-175,-741500
-175,-741250
-175,-741000
-175,-740750
-175,-740500
-175,-740250
-175,-740000
-175,-739750
-175,-739500
-175,-739250
-175,-739000
-175,-738750
-175,-738500
-175,-738250
-175,-738000
-175,-737750
-175,-737500
-175,-737250
-175,-737000
-175,-736750
-175,-736500
-175,-736250
-175,-736000
-175,-735750
-175,-735500
-175,-735250
-175,-735000
-175,-734750
-175,-734500
-175,-734250
-175,-734000
-175,-733750
-175,-733500
-175,-733250
-175,-733000
-175,-732750
-175,-732500
-175,-732250
-175,-732000
-175,-731750
-175,-731500
-175,-731250
-175,-731000
-175,-730750
-175,-730500
-175,-730250
-175,-730000
-175,-729750
-175,-729500
-175,-729250
-175,-729000
-175,-728750
-175,-728500
-175,-728250
-175,-728000
-175,-727750
-175,-727500
-175,-727250
-175,-727000
-175,-726750
-175,-726500
-175,-726250
-175,-726000
-175,-725750
-175,-725500
-175,-725250
-175,-725000
-175,-724750
-175,-724500
-175,-724250
-175,-724000
-175,-723750
-175,-723500
-175,-723250
-175,-723000
-175,-722750
-175,-722500
-175,-722250
-175,-722000
-175,-721750
-175,-721500
-175,-721250
-175,-721000
-175,-720750
-175,-720500
-175,-720250
-175,-720000
-175,-719750
-175,-719500
-175,-719250
-175,-719000
-175,-718750
-175,-718500
-175,-718250
-175,-718000
-175,-717750
-175,-717500
-175,-717250
-175,-717000
-175,-716750
-175,-716500
-175,-716250
-175,-716000
-175,-715750
-175,-715500
-175,-715250
-175,-715000
-175,-714750
-175,-714500
-175,-714250
-175,-714000
-175,-713750
-175,-713500
-175,-713250
-175,-713000
-175,-712750
-175,-712500
-175,-712250
-175,-712000
-175,-711750
-175,-711500
-175,-711250
-175,-711000
-175,-710750
-175,-710500
-175,-710250
-175,-710000
-175,-709750
-175,-709500
-175,-709250
-175,-709000
-175,-708750
-175,-708500
-175,-708250
-175,-708000
-175,-707750
-175,-707500
-175,-707250
-175,-707000
-175,-706750
-175,-706500
-175,-706250
-175,-706000
-175,-705750
-175,-705500
-175,-705250
-175,-705000
-175,-704750
-175,-704500
-175,-704250
-175,-704000
-175,-703750
-175,-703500
-175,-703250
-175,-703000
-175,-702750
-175,-702500
-175,-702250
-175,-702000
-175,-701750
-175,-701500
-175,-701250
-175,-701000
-175,-700750
-175,-700500
-175,-700250
-175,-700000
-175,-699750
-175,-699500
-175,-699250
-175,-699000
-175,-698750
-175,-698500
-175,-698250
-175,-698000
-175,-697750
-175,-697500
-175,-697250
-175,-697000
-175,-696750
-175,-696500
-175,-696250
-175,-696000
-175,-695750
-175,-695500
-175,-695250
-175,-695000
-175,-694750
-175,-694500
-175,-694250
-175,-694000
-175,-693750
-175,-693500
-175,-693250
-175,-693000
-175,-692750
-175,-692500
-175,-692250
-175,-692000
-175,-691750
-175,-691500
-175,-691250
-175,-691000
-175,-690750
-175,-690500
-175,-690250
-175,-690000
-175,-689750
-175,-689500
-175,-689250
-175,-689000
-175,-688750
-175,-688500
-175,-688250
-175,-688000
-175,-687750
-175,-687500
-175,-687250
-175,-687000
-175,-686750
-175,-686500
-175,-686250
-175,-686000
-175,-685750
-175,-685500
-175,-685250
-175,-685000
-175,-684750
-175,-684500
-175,-684250
-175,-684000
-175,-683750
-175,-683500
-175,-683250
-175,-683000
-175,-682750
-175,-682500
-175,-682250
-175,-682000
-175,-681750
-175,-681500
-175,-681250
-175,-681000
-175,-680750
-175,-680500
-175,-680250
-175,-680000
-175,-679750
-175,-679500
-175,-679250
-175,-679000
-175,-678750
-175,-678500
-175,-678250
-175,-678000
-175,-677750
-175,-677500
-175,-677250
-175,-677000
-175,-676750
-175,-676500
-175,-676250
-175,-676000
-175,-675750
-175,-675500
-175,-675250
-175,-675000
-175,-674750
-175,-674500
-175,-674250
-175,-674000
-175,-673750
-175,-673500
-175,-673250
-175,-673000
-175,-672750
-175,-672500
-175,-672250
-175,-672000
-175,-671750
-175,-671500
-175,-671250
-175,-671000
-175,-670750
-175,-670500
-175,-670250
-175,-670000
-175,-669750
-175,-669500
-175,-669250
-175,-669000
-175,-668750
-175,-668500
-175,-668250
-175,-668000
-175,-667750
-175,-667500
-175,-667250
-175,-667000
-175,-666750
-175,-666500
-175,-666250
-175,-666000
-175,-665750
-175,-665500
-175,-665250
-175,-665000
-175,-664750
-175,-664500
-175,-664250
-175,-664000
-175,-663750
-175,-663500
-175,-663250
-175,-663000
-175,-662750
-175,-662500
-175,-662250
-175,-662000
-175,-661750
-175,-661500
-175,-661250
-175,-661000
-175,-660750
-175,-660500
-175,-660250
-175,-660000
-175,-659750
-175,-659500
-175,-659250
-175,-659000
-175,-658750
-175,-658500
-175,-658250
-175,-658000
-175,-657750
-175,-657500
-175,-657250
-175,-657000
-175,-656750
-175,-656500
-175,-656250
-175,-656000
-175,-655750
-175,-655500
-175,-655250
-175,-655000
-175,-654750
-175,-654500
-175,-654250
-175,-654000
-175,-653750
-175,-653500
-175,-653250
-175,-653000
-175,-652750
-175,-652500
-175,-652250
-175,-652000
-175,-651750
-175,-651500
-175,-651250
-175,-651000
-175,-650750
-175,-650500
-175,-650250
-175,-650000
-175,-649750
-175,-649500
-175,-649250
-175,-649000
-175,-648750
-175,-648500
-175,-648250
-175,-648000
-175,-647750
-175,-647500
-175,-647250
-175,-647000
-175,-646750
-175,-646500
-175,-646250
-175,-646000
-175,-645750
-175,-645500
-175,-645250
-175,-645000
-175,-644750
-175,-644500
-175,-644250
-175,-644000
-175,-643750
-175,-643500
-175,-643250
-175,-643000
-175,-642750
-175,-642500
-175,-642250
-175,-642000
-175,-641750
-175,-641500
-175,-641250
-175,-641000
-175,-640750
-175,-640500
-175,-640250
-175,-640000
-175,-639750
-175,-639500
-175,-639250
-175,-639000
-175,-638750
-175,-638500
-175,-638250
-175,-638000
-175,-637750
-175,-637500
-175,-637250
-175,-637000
-175,-636750
-175,-636500
-175,-636250
-175,-636000
-175,-635750
-175,-635500
-175,-635250
-175,-635000
-175,-634750
-175,-634500
-175,-634250
-175,-634000
-175,-633750
-175,-633500
-175,-633250
-175,-633000
-175,-632750
-175,-632500
-175,-632250
-175,-632000
-175,-631750
-175,-631500
-175,-631250
-175,-631000
-175,-630750
-175,-630500
-175,-630250
-175,-630000
-175,-629750
-175,-629500
-175,-629250
-175,-629000
-175,-628750
-175,-628500
-175,-628250
-175,-628000
-175,-627750
-175,-627500
-175,-627250
-175,-627000
-175,-626750
-175,-626500
-175,-626250
-175,-626000
-175,-625750
-175,-625500
-175,-625250
-175,-625000
-175,-624750
-175,-624500
-175,-624250
-175,-624000
-175,-623750
-175,-623500
-175,-623250
-175,-623000
-175,-622750
-175,-622500
-175,-622250
-175,-622000
-175,-621750
-175,-621500
-175,-621250
-175,-621000
-175,-620750
-175,-620500
-175,-620250
-175,-620000
-175,-619750
-175,-619500
-175,-619250
-175,-619000
-175,-618750
-175,-618500
-175,-618250
-175,-618000
-175,-617750
-175,-617500
-175,-617250
-175,-617000
-175,-616750
-175,-616500
-175,-616250
-175,-616000
-175,-615750
-175,-615500
-175,-615250
-175,-615000
-175,-614750
-175,-614500
-175,-614250
-175,-614000
-175,-613750
-175,-613500
-175,-613250
-175,-613000
-175,-612750
-175,-612500
-175,-612250
-175,-612000
-175,-611750
-175,-611500
-175,-611250
-175,-611000
-175,-610750
-175,-610500
-175,-610250
-175,-610000
-175,-609750
-175,-609500
-175,-609250
-175,-609000
-175,-608750
-175,-608500
-175,-608250
-175,-608000
-175,-607750
-175,-607500
-175,-607250
-175,-607000
-175,-606750
-175,-606500
-175,-606250
-175,-606000
-175,-605750
-175,-605500
-175,-605250
-175,-605000
-175,-604750
-175,-604500
-175,-604250
-175,-604000
-175,-603750
-175,-603500
-175,-603250
-175,-603000
-175,-602750
-175,-602500
-175,-602250
-175,-602000
-175,-601750
-175,-601500
-175,-601250
-175,-601000
-175,-600750
-175,-600500
-175,-600250
-175,-600000
-175,-599750
-175,-599500
-175,-599250
-175,-599000
-175,-598750
-175,-598500
-175,-598250
-175,-598000
-175,-597750
-175,-597500
-175,-597250
-175,-597000
-175,-596750
-175,-596500
-175,-596250
-175,-596000
-175,-595750
-175,-595500
-175,-595250
-175,-595000
-175,-594750
-175,-594500
-175,-594250
-175,-594000
-175,-593750
-175,-593500
-175,-593250
-175,-593000
-175,-592750
-175,-592500
-175,-592250
-175,-592000
-175,-591750
-175,-591500
-175,-591250
-175,-591000
-175,-590750
-175,-590500
-175,-590250
-175,-590000
-175,-589750
-175,-589500
-175,-589250
-175,-589000
-175,-588750
-175,-588500
-175,-588250
-175,-588000
-175,-587750
-175,-587500
-175,-587250
-175,-587000
-175,-586750
-175,-586500
-175,-586250
-175,-586000
-175,-585750
-175,-585500
-175,-585250
-175,-585000
-175,-584750
-175,-584500
-175,-584250
-175,-584000
-175,-583750
-175,-583500
-175,-583250
-175,-583000
-175,-582750
-175,-582500
-175,-582250
-175,-582000
-175,-581750
-175,-581500
-175,-581250
-175,-581000
-175,-580750
-175,-580500
-175,-580250
-175,-580000
-175,-579750
-175,-579500
-175,-579250
-175,-579000
-175,-578750
-175,-578500
-175,-578250
-175,-578000
-175,-577750
-175,-577500
-175,-577250
-175,-577000
-175,-576750
-175,-576500
-175,-576250
-175,-576000
-175,-575750
-175,-575500
-175,-575250
-175,-575000
-175,-574750
-175,-574500
-175,-574250
-175,-574000
-175,-573750
-175,-573500
-175,-573250
-175,-573000
-175,-572750
-175,-572500
-175,-572250
-175,-572000
-175,-571750
-175,-571500
-175,-571250
-175,-571000
-175,-570750
-175,-570500
-175,-570250
-175,-570000
-175,-569750
-175,-569500
-175,-569250
-175,-569000
-175,-568750
-175,-568500
-175,-568250
-175,-568000
-175,-567750
-175,-567500
-175,-567250
-175,-567000
-175,-566750
-175,-566500
-175,-566250
-175,-566000
-175,-565750
-175,-565500
-175,-565250
-175,-565000
-175,-564750
-175,-564500
-175,-564250
-175,-564000
-175,-563750
-175,-563500
-175,-563250
-175,-563000
-175,-562750
-175,-562500
-175,-562250
-175,-562000
-175,-561750
-175,-561500
-175,-561250
-175,-561000
-175,-560750
-175,-560500
-175,-560250
-175,-560000
-175,-559750
-175,-559500
-175,-559250
-175,-559000
-175,-558750
-175,-558500
-175,-558250
-175,-558000
-175,-557750
-175,-557500
-175,-557250
-175,-557000
-175,-556750
-175,-556500
-175,-556250
-175,-556000
-175,-555750
-175,-555500
-175,-555250
-175,-555000
-175,-554750
-175,-554500
-175,-554250
-175,-554000
-175,-553750
-175,-553500
-175,-553250
-175,-553000
-175,-552750
-175,-552500
-175,-552250
-175,-552000
-175,-551750
-175,-551500
-175,-551250
-175,-551000
-175,-550750
-175,-550500
-175,-550250
-175,-550000
-175,-549750
-175,-549500
-175,-549250
-175,-549000
-175,-548750
-175,-548500
-175,-548250
-175,-548000
-175,-547750
-175,-547500
-175,-547250
-175,-547000
-175,-546750
-175,-546500
-175,-546250
-175,-546000
-175,-545750
-175,-545500
-175,-545250
-175,-545000
-175,-544750
-175,-544500
-175,-544250
-175,-544000
-175,-543750
-175,-543500
-175,-543250
-175,-543000
-175,-542750
-175,-542500
-175,-542250
-175,-542000
-175,-541750
-175,-541500
-175,-541250
-175,-541000
-175,-540750
-175,-540500
-175,-540250
-175,-540000
-175,-539750
-175,-539500
-175,-539250
-175,-539000
-175,-538750
-175,-538500
-175,-538250
-175,-538000
-175,-537750
-175,-537500
-175,-537250
-175,-537000
-175,-536750
-175,-536500
-175,-536250
-175,-536000
-175,-535750
-175,-535500
-175,-535250
-175,-535000
-175,-534750
-175,-534500
-175,-534250
-175,-534000
-175,-533750
-175,-533500
-175,-533250
-175,-533000
-175,-532750
-175,-532500
-175,-532250
-175,-532000
-175,-531750
-175,-531500
-175,-531250
-175,-531000
-175,-530750
-175,-530500
-175,-530250
-175,-530000
-175,-529750
-175,-529500
-175,-529250
-175,-529000
-175,-528750
-175,-528500
-175,-528250
-175,-528000
-175,-527750
-175,-527500
-175,-527250
-175,-527000
-175,-526750
-175,-526500
-175,-526250
-175,-526000
-175,-525750
-175,-525500
-175,-525250
-175,-525000
-175,-524750
-175,-524500
-175,-524250
-175,-524000
-175,-523750
-175,-523500
-175,-523250
-175,-523000
-175,-522750
-175,-522500
-175,-522250
-175,-522000
-175,-521750
-175,-521500
-175,-521250
-175,-521000
-175,-520750
-175,-520500
-175,-520250
-175,-520000
-175,-519750
-175,-519500
-175,-519250
-175,-519000
-175,-518750
-175,-518500
-175,-518250
-175,-518000
-175,-517750
-175,-517500
-175,-517250
-175,-517000
-175,-516750
-175,-516500
-175,-516250
-175,-516000
-175,-515750
-175,-515500
-175,-515250
-175,-515000
-175,-514750
-175,-514500
-175,-514250
-175,-514000
-175,-513750
-175,-513500
-175,-513250
-175,-513000
-175,-512750
-175,-512500
-175,-512250
-175,-512000
-175,-511750
-175,-511500
-175,-511250
-175,-511000
-175,-510750
-175,-510500
-175,-510250
-175,-510000
-175,-509750
-175,-509500
-175,-509250
-175,-509000
-175,-508750
-175,-508500
-175,-508250
-175,-508000
-175,-507750
-175,-507500
-175,-507250
-175,-507000
-175,-506750
-175,-506500
-175,-506250
-175,-506000
-175,-505750
-175,-505500
-175,-505250
-175,-505000
-175,-504750
-175,-504500
-175,-504250
-175,-504000
-175,-503750
-175,-503500
-175,-503250
-175,-503000
-175,-502750
-175,-502500
-175,-502250
-175,-502000
-175,-501750
-175,-501500
-175,-501250
-175,-501000
-175,-500750
-175,-500500
-175,-500250
-175,-500000
-175,-499750
-175,-499500
-175,-499250
-175,-499000
-175,-498750
-175,-498500
-175,-498250
-175,-498000
-175,-497750
-175,-497500
-175,-497250
-175,-497000
-175,-496750
-175,-496500
-175,-496250
-175,-496000
-175,-495750
-175,-495500
-175,-495250
-175,-495000
-175,-494750
-175,-494500
-175,-494250
-175,-494000
-175,-493750
-175,-493500
-175,-493250
-175,-493000
-175,-492750
-175,-492500
-175,-492250
-175,-492000
-175,-491750
-175,-491500
-175,-491250
-175,-491000
-175,-490750
-175,-490500
-175,-490250
-175,-490000
-175,-489750
-175,-489500
-175,-489250
-175,-489000
-175,-488750
-175,-488500
-175,-488250
-175,-488000
-175,-487750
-175,-487500
-175,-487250
-175,-487000
-175,-486750
-175,-486500
-175,-486250
-175,-486000
-175,-485750
-175,-485500
-175,-485250
-175,-485000
-175,-484750
-175,-484500
-175,-484250
-175,-484000
-175,-483750
-175,-483500
-175,-483250
-175,-483000
-175,-482750
-175,-482500
-175,-482250
-175,-482000
-175,-481750
-175,-481500
-175,-481250
-175,-481000
-175,-480750
-175,-480500
-175,-480250
-175,-480000
-175,-479750
-175,-479500
-175,-479250
-175,-479000
-175,-478750
-175,-478500
-175,-478250
-175,-478000
-175,-477750
-175,-477500
-175,-477250
-175,-477000
-175,-476750
-175,-476500
-175,-476250
-175,-476000
-175,-475750
-175,-475500
-175,-475250
-175,-475000
-175,-474750
-175,-474500
-175,-474250
-175,-474000
-175,-473750
-175,-473500
-175,-473250
-175,-473000
-175,-472750
-175,-472500
-175,-472250
-175,-472000
-175,-471750
-175,-471500
-175,-471250
-175,-471000
-175,-470750
-175,-470500
-175,-470250
-175,-470000
-175,-469750
-175,-469500
-175,-469250
-175,-469000
-175,-468750
-175,-468500
-175,-468250
-175,-468000
-175,-467750
-175,-467500
-175,-467250
-175,-467000
-175,-466750
-175,-466500
-175,-466250
-175,-466000
-175,-465750
-175,-465500
-175,-465250
-175,-465000
-175,-464750
-175,-464500
-175,-464250
-175,-464000
-175,-463750
-175,-463500
-175,-463250
-175,-463000
-175,-462750
-175,-462500
-175,-462250
-175,-462000
-175,-461750
-175,-461500
-175,-461250
-175,-461000
-175,-460750
-175,-460500
-175,-460250
-175,-460000
-175,-459750
-175,-459500
-175,-459250
-175,-459000
-175,-458750
-175,-458500
-175,-458250
-175,-458000
-175,-457750
-175,-457500
-175,-457250
-175,-457000
-175,-456750
-175,-456500
-175,-456250
-175,-456000
-175,-455750
-175,-455500
-175,-455250
-175,-455000
-175,-454750
-175,-454500
-175,-454250
-175,-454000
-175,-453750
-175,-453500
-175,-453250
-175,-453000
-175,-452750
-175,-452500
-175,-452250
-175,-452000
-175,-451750
-175,-451500
-175,-451250
-175,-451000
-175,-450750
-175,-450500
-175,-450250
-175,-450000
-175,-449750
-175,-449500
-175,-449250
-175,-449000
-175,-448750
-175,-448500
-175,-448250
-175,-448000
-175,-447750
-175,-447500
-175,-447250
-175,-447000
-175,-446750
-175,-446500
-175,-446250
-175,-446000
-175,-445750
-175,-445500
-175,-445250
-175,-445000
-175,-444750
-175,-444500
-175,-444250
-175,-444000
-175,-443750
-175,-443500
-175,-443250
-175,-443000
-175,-442750
-175,-442500
-175,-442250
-175,-442000
-175,-441750
-175,-441500
-175,-441250
-175,-441000
-175,-440750
-175,-440500
-175,-440250
-175,-440000
-175,-439750
-175,-439500
-175,-439250
-175,-439000
-175,-438750
-175,-438500
-175,-438250
-175,-438000
-175,-437750
-175,-437500
-175,-437250
-175,-437000
-175,-436750
-175,-436500
-175,-436250
-175,-436000
-175,-435750
-175,-435500
-175,-435250
-175,-435000
-175,-434750
-175,-434500
-175,-434250
-175,-434000
-175,-433750
-175,-433500
-175,-433250
-175,-433000
-175,-432750
-175,-432500
-175,-432250
-175,-432000
-175,-431750
-175,-431500
-175,-431250
-175,-431000
-175,-430750
-175,-430500
-175,-430250
-175,-430000
-175,-429750
-175,-429500
-175,-429250
-175,-429000
-175,-428750
-175,-428500
-175,-428250
-175,-428000
-175,-427750
-175,-427500
-175,-427250
-175,-427000
-175,-426750
-175,-426500
-175,-426250
-175,-426000
-175,-425750
-175,-425500
-175,-425250
-175,-425000
-175,-424750
-175,-424500
-175,-424250
-175,-424000
-175,-423750
-175,-423500
-175,-423250
-175,-423000
-175,-422750
-175,-422500
-175,-422250
-175,-422000
-175,-421750
-175,-421500
-175,-421250
-175,-421000
-175,-420750
-175,-420500
-175,-420250
-175,-420000
-175,-419750
-175,-419500
-175,-419250
-175,-419000
-175,-418750
-175,-418500
-175,-418250
-175,-418000
-175,-417750
-175,-417500
-175,-417250
-175,-417000
-175,-416750
-175,-416500
-175,-416250
-175,-416000
-175,-415750
-175,-415500
-175,-415250
-175,-415000
-175,-414750
-175,-414500
-175,-414250
-175,-414000
-175,-413750
-175,-413500
-175,-413250
-175,-413000
-175,-412750
-175,-412500
-175,-412250
-175,-412000
-175,-411750
-175,-411500
-175,-411250
-175,-411000
-175,-410750
-175,-410500
-175,-410250
-175,-410000
-175,-409750
-175,-409500
-175,-409250
-175,-409000
-175,-408750
-175,-408500
-175,-408250
-175,-408000
-175,-407750
-175,-407500
-175,-407250
-175,-407000
-175,-406750
-175,-406500
-175,-406250
-175,-406000
-175,-405750
-175,-405500
-175,-405250
-175,-405000
-175,-404750
-175,-404500
-175,-404250
-175,-404000
-175,-403750
-175,-403500
-175,-403250
-175,-403000
-175,-402750
-175,-402500
-175,-402250
-175,-402000
-175,-401750
-175,-401500
-175,-401250
-175,-401000
-175,-400750
-175,-400500
-175,-400250
-175,-400000
-175,-399750
-175,-399500
-175,-399250
-175,-399000
-175,-398750
-175,-398500
-175,-398250
-175,-398000
-175,-397750
-175,-397500
-175,-397250
-175,-397000
-175,-396750
-175,-396500
-175,-396250
-175,-396000
-175,-395750
-175,-395500
-175,-395250
-175,-395000
-175,-394750
-175,-394500
-175,-394250
-175,-394000
-175,-393750
-175,-393500
-175,-393250
-175,-393000
-175,-392750
-175,-392500
-175,-392250
-175,-392000
-175,-391750
-175,-391500
-175,-391250
-175,-391000
-175,-390750
-175,-390500
-175,-390250
-175,-390000
-175,-389750
-175,-389500
-175,-389250
-175,-389000
-175,-388750
-175,-388500
-175,-388250
-175,-388000
-175,-387750
-175,-387500
-175,-387250
-175,-387000
-175,-386750
-175,-386500
-175,-386250
-175,-386000
-175,-385750
-175,-385500
-175,-385250
-175,-385000
-175,-384750
-175,-384500
-175,-384250
-175,-384000
-175,-383750
-175,-383500
-175,-383250
-175,-383000
-175,-382750
-175,-382500
-175,-382250
-175,-382000
-175,-381750
-175,-381500
-175,-381250
-175,-381000
-175,-380750
-175,-380500
-175,-380250
-175,-380000
-175,-379750
-175,-379500
-175,-379250
-175,-379000
-175,-378750
-175,-378500
-175,-378250
-175,-378000
-175,-377750
-175,-377500
-175,-377250
-175,-377000
-175,-376750
-175,-376500
-175,-376250
-175,-376000
-175,-375750
-175,-375500
-175,-375250
-175,-375000
-175,-374750
-175,-374500
-175,-374250
-175,-374000
-175,-373750
-175,-373500
-175,-373250
-175,-373000
-175,-372750
-175,-372500
-175,-372250
-175,-372000
-175,-371750
-175,-371500
-175,-371250
-175,-371000
-175,-370750
-175,-370500
-175,-370250
-175,-370000
-175,-369750
-175,-369500
-175,-369250
-175,-369000
-175,-368750
-175,-368500
-175,-368250
-175,-368000
-175,-367750
-175,-367500
-175,-367250
-175,-367000
-175,-366750
-175,-366500
-175,-366250
-175,-366000
-175,-365750
-175,-365500
-175,-365250
-175,-365000
-175,-364750
-175,-364500
-175,-364250
-175,-364000
-175,-363750
-175,-363500
-175,-363250
-175,-363000
-175,-362750
-175,-362500
-175,-362250
-175,-362000
-175,-361750
-175,-361500
-175,-361250
-175,-361000
-175,-360750
-175,-360500
-175,-360250
-175,-360000
-175,-359750
-175,-359500
-175,-359250
-175,-359000
-175,-358750
-175,-358500
-175,-358250
-175,-358000
-175,-357750
-175,-357500
-175,-357250
-175,-357000
-175,-356750
-175,-356500
-175,-356250
-175,-356000
-175,-355750
-175,-355500
-175,-355250
-175,-355000
-175,-354750
-175,-354500
-175,-354250
-175,-354000
-175,-353750
-175,-353500
-175,-353250
-175,-353000
-175,-352750
-175,-352500
-175,-352250
-175,-352000
-175,-351750
-175,-351500
-175,-351250
-175,-351000
-175,-350750
-175,-350500
-175,-350250
-175,-350000
-175,-349750
-175,-349500
-175,-349250
-175,-349000
-175,-348750
-175,-348500
-175,-348250
-175,-348000
-175,-347750
-175,-347500
-175,-347250
-175,-347000
-175,-346750
-175,-346500
-175,-346250
-175,-346000
-175,-345750
-175,-345500
-175,-345250
-175,-345000
-175,-344750
-175,-344500
-175,-344250
-175,-344000
-175,-343750
-175,-343500
-175,-343250
-175,-343000
-175,-342750
-175,-342500
-175,-342250
-175,-342000
-175,-341750
-175,-341500
-175,-341250
-175,-341000
-175,-340750
-175,-340500
-175,-340250
-175,-340000
-175,-339750
-175,-339500
-175,-339250
-175,-339000
-175,-338750
-175,-338500
-175,-338250
-175,-338000
-175,-337750
-175,-337500
-175,-337250
-175,-337000
-175,-336750
-175,-336500
-175,-336250
-175,-336000
-175,-335750
-175,-335500
-175,-335250
-175,-335000
-175,-334750
-175,-334500
-175,-334250
-175,-334000
-175,-333750
-175,-333500
-175,-333250
-175,-333000
-175,-332750
-175,-332500
-175,-332250
-175,-332000
-175,-331750
-175,-331500
-175,-331250
-175,-331000
-175,-330750
-175,-330500
-175,-330250
-175,-330000
-175,-329750
-175,-329500
-175,-329250
-175,-329000
-175,-328750
-175,-328500
-175,-328250
-175,-328000
-175,-327750
-175,-327500
-175,-327250
-175,-327000
-175,-326750
-175,-326500
-175,-326250
-175,-326000
-175,-325750
-175,-325500
-175,-325250
-175,-325000
-175,-324750
-175,-324500
-175,-324250
-175,-324000
-175,-323750
-175,-323500
-175,-323250
-175,-323000
-175,-322750
-175,-322500
-175,-322250
-175,-322000
-175,-321750
-175,-321500
-175,-321250
-175,-321000
-175,-320750
-175,-320500
-175,-320250
-175,-320000
-175,-319750
-175,-319500
-175,-319250
-175,-319000
-175,-318750
-175,-318500
-175,-318250
-175,-318000
-175,-317750
-175,-317500
-175,-317250
-175,-317000
-175,-316750
-175,-316500
-175,-316250
-175,-316000
-175,-315750
-175,-315500
-175,-315250
-175,-315000
-175,-314750
-175,-314500
-175,-314250
-175,-314000
-175,-313750
-175,-313500
-175,-313250
-175,-313000
-175,-312750
-175,-312500
-175,-312250
-175,-312000
-175,-311750
-175,-311500
-175,-311250
-175,-311000
-175,-310750
-175,-310500
-175,-310250
-175,-310000
-175,-309750
-175,-309500
-175,-309250
-175,-309000
-175,-308750
-175,-308500
-175,-308250
-175,-308000
-175,-307750
-175,-307500
-175,-307250
-175,-307000
-175,-306750
-175,-306500
-175,-306250
-175,-306000
-175,-305750
-175,-305500
-175,-305250
-175,-305000
-175,-304750
-175,-304500
-175,-304250
-175,-304000
-175,-303750
-175,-303500
-175,-303250
-175,-303000
-175,-302750
-175,-302500
-175,-302250
-175,-302000
-175,-301750
-175,-301500
-175,-301250
-175,-301000
-175,-300750
-175,-300500
-175,-300250
-175,-300000
-175,-299750
-175,-299500
-175,-299250
-175,-299000
-175,-298750
-175,-298500
-175,-298250
-175,-298000
-175,-297750
-175,-297500
-175,-297250
-175,-297000
-175,-296750
-175,-296500
-175,-296250
-175,-296000
-175,-295750
-175,-295500
-175,-295250
-175,-295000
-175,-294750
-175,-294500
-175,-294250
-175,-294000
-175,-293750
-175,-293500
-175,-293250
-175,-293000
-175,-292750
-175,-292500
-175,-292250
-175,-292000
-175,-291750
-175,-291500
-175,-291250
-175,-291000
-175,-290750
-175,-290500
-175,-290250
-175,-290000
-175,-289750
-175,-289500
-175,-289250
-175,-289000
-175,-288750
-175,-288500
-175,-288250
-175,-288000
-175,-287750
-175,-287500
-175,-287250
-175,-287000
-175,-286750
-175,-286500
-175,-286250
-175,-286000
-175,-285750
-175,-285500
-175,-285250
-175,-285000
-175,-284750
-175,-284500
-175,-284250
-175,-284000
-175,-283750
-175,-283500
-175,-283250
-175,-283000
-175,-282750
-175,-282500
-175,-282250
-175,-282000
-175,-281750
-175,-281500
-175,-281250
-175,-281000
-175,-280750
-175,-280500
-175,-280250
-175,-280000
-175,-279750
-175,-279500
-175,-279250
-175,-279000
-175,-278750
-175,-278500
-175,-278250
-175,-278000
-175,-277750
-175,-277500
-175,-277250
-175,-277000
-175,-276750
-175,-276500
-175,-276250
-175,-276000
-175,-275750
-175,-275500
-175,-275250
-175,-275000
-175,-274750
-175,-274500
-175,-274250
-175,-274000
-175,-273750
-175,-273500
-175,-273250
-175,-273000
-175,-272750
-175,-272500
-175,-272250
-175,-272000
-175,-271750
-175,-271500
-175,-271250
-175,-271000
-175,-270750
-175,-270500
-175,-270250
-175,-270000
-175,-269750
-175,-269500
-175,-269250
-175,-269000
-175,-268750
-175,-268500
-175,-268250
-175,-268000
-175,-267750
-175,-267500
-175,-267250
-175,-267000
-175,-266750
-175,-266500
-175,-266250
-175,-266000
-175,-265750
-175,-265500
-175,-265250
-175,-265000
-175,-264750
-175,-264500
-175,-264250
-175,-264000
-175,-263750
-175,-263500
-175,-263250
-175,-263000
-175,-262750
-175,-262500
-175,-262250
-175,-262000
-175,-261750
-175,-261500
-175,-261250
-175,-261000
-175,-260750
-175,-260500
-175,-260250
-175,-260000
-175,-259750
-175,-259500
-175,-259250
-175,-259000
-175,-258750
-175,-258500
-175,-258250
-175,-258000
-175,-257750
-175,-257500
-175,-257250
-175,-257000
-175,-256750
-175,-256500
-175,-256250
-175,-256000
-175,-255750
-175,-255500
-175,-255250
-175,-255000
-175,-254750
-175,-254500
-175,-254250
-175,-254000
-175,-253750
-175,-253500
-175,-253250
-175,-253000
-175,-252750
-175,-252500
-175,-252250
-175,-252000
-175,-251750
-175,-251500
-175,-251250
-175,-251000
-175,-250750
-175,-250500
-175,-250250
-175,-250000
-175,-249750
-175,-249500
-175,-249250
-175,-249000
-175,-248750
-175,-248500
-175,-248250
-175,-248000
-175,-247750
-175,-247500
-175,-247250
-175,-247000
-175,-246750
-175,-246500
-175,-246250
-175,-246000
-175,-245750
-175,-245500
-175,-245250
-175,-245000
-175,-244750
-175,-244500
-175,-244250
-175,-244000
-175,-243750
-175,-243500
-175,-243250
-175,-243000
-175,-242750
-175,-242500
-175,-242250
-175,-242000
-175,-241750
-175,-241500
-175,-241250
-175,-241000
-175,-240750
-175,-240500
-175,-240250
-175,-240000
-175,-239750
-175,-239500
-175,-239250
-175,-239000
-175,-238750
-175,-238500
-175,-238250
-175,-238000
-175,-237750
-175,-237500
-175,-237250
-175,-237000
-175,-236750
-175,-236500
-175,-236250
-175,-236000
-175,-235750
-175,-235500
-175,-235250
-175,-235000
-175,-234750
-175,-234500
-175,-234250
-175,-234000
-175,-233750
-175,-233500
-175,-233250
-175,-233000
-175,-232750
-175,-232500
-175,-232250
-175,-232000
-175,-231750
-175,-231500
-175,-231250
-175,-231000
-175,-230750
-175,-230500
-175,-230250
-175,-230000
-175,-229750
-175,-229500
-175,-229250
-175,-229000
-175,-228750
-175,-228500
-175,-228250
-175,-228000
-175,-227750
-175,-227500
-175,-227250
-175,-227000
-175,-226750
-175,-226500
-175,-226250
-175,-226000
-175,-225750
-175,-225500
-175,-225250
-175,-225000
-175,-224750
-175,-224500
-175,-224250
-175,-224000
-175,-223750
-175,-223500
-175,-223250
-175,-223000
-175,-222750
-175,-222500
-175,-222250
-175,-222000
-175,-221750
-175,-221500
-175,-221250
-175,-221000
-175,-220750
-175,-220500
-175,-220250
-175,-220000
-175,-219750
-175,-219500
-175,-219250
-175,-219000
-175,-218750
-175,-218500
-175,-218250
-175,-218000
-175,-217750
-175,-217500
-175,-217250
-175,-217000
-175,-216750
-175,-216500
-175,-216250
-175,-216000
-175,-215750
-175,-215500
-175,-215250
-175,-215000
-175,-214750
-175,-214500
-175,-214250
-175,-214000
-175,-213750
-175,-213500
-175,-213250
-175,-213000
-175,-212750
-175,-212500
-175,-212250
-175,-212000
-175,-211750
-175,-211500
-175,-211250
-175,-211000
-175,-210750
-175,-210500
-175,-210250
-175,-210000
-175,-209750
-175,-209500
-175,-209250
-175,-209000
-175,-208750
-175,-208500
-175,-208250
-175,-208000
-175,-207750
-175,-207500
-175,-207250
-175,-207000
-175,-206750
-175,-206500
-175,-206250
-175,-206000
-175,-205750
-175,-205500
-175,-205250
-175,-205000
-175,-204750
-175,-204500
-175,-204250
-175,-204000
-175,-203750
-175,-203500
-175,-203250
-175,-203000
-175,-202750
-175,-202500
-175,-202250
-175,-202000
-175,-201750
-175,-201500
-175,-201250
-175,-201000
-175,-200750
-175,-200500
-175,-200250
-175,-200000
-175,-199750
-175,-199500
-175,-199250
-175,-199000
-175,-198750
-175,-198500
-175,-198250
-175,-198000
-175,-197750
-175,-197500
-175,-197250
-175,-197000
-175,-196750
-175,-196500
-175,-196250
-175,-196000
-175,-195750
-175,-195500
-175,-195250
-175,-195000
-175,-194750
-175,-194500
-175,-194250
-175,-194000
-175,-193750
-175,-193500
-175,-193250
-175,-193000
-175,-192750
-175,-192500
-175,-192250
-175,-192000
-175,-191750
-175,-191500
-175,-191250
-175,-191000
-175,-190750
-175,-190500
-175,-190250
-175,-190000
-175,-189750
-175,-189500
-175,-189250
-175,-189000
-175,-188750
-175,-188500
-175,-188250
-175,-188000
-175,-187750
-175,-187500
-175,-187250
-175,-187000
-175,-186750
-175,-186500
-175,-186250
-175,-186000
-175,-185750
-175,-185500
-175,-185250
-175,-185000
-175,-184750
-175,-184500
-175,-184250
-175,-184000
-175,-183750
-175,-183500
-175,-183250
-175,-183000
-175,-182750
-175,-182500
-175,-182250
-175,-182000
-175,-181750
-175,-181500
-175,-181250
-175,-181000
-175,-180750
-175,-180500
-175,-180250
-175,-180000
-175,-179750
-175,-179500
-175,-179250
-175,-179000
-175,-178750
-175,-178500
-175,-178250
-175,-178000
-175,-177750
-175,-177500
-175,-177250
-175,-177000
-175,-176750
-175,-176500
-175,-176250
-175,-176000
-175,-175750
-175,-175500
-175,-175250
-175,-175000
-175,-174750
-175,-174500
-175,-174250
-175,-174000
-175,-173750
-175,-173500
-175,-173250
-175,-173000
-175,-172750
-175,-172500
-175,-172250
-175,-172000
-175,-171750
-175,-171500
-175,-171250
-175,-171000
-175,-170750
-175,-170500
-175,-170250
-175,-170000
-175,-169750
-175,-169500
-175,-169250
-175,-169000
-175,-168750
-175,-168500
-175,-168250
-175,-168000
-175,-167750
-175,-167500
-175,-167250
-175,-167000
-175,-166750
-175,-166500
-175,-166250
-175,-166000
-175,-165750
-175,-165500
-175,-165250
-175,-165000
-175,-164750
-175,-164500
-175,-164250
-175,-164000
-175,-163750
-175,-163500
-175,-163250
-175,-163000
-175,-162750
-175,-162500
-175,-162250
-175,-162000
-175,-161750
-175,-161500
-175,-161250
-175,-161000
-175,-160750
-175,-160500
-175,-160250
-175,-160000
-175,-159750
-175,-159500
-175,-159250
-175,-159000
-175,-158750
-175,-158500
-175,-158250
-175,-158000
-175,-157750
-175,-157500
-175,-157250
-175,-157000
-175,-156750
-175,-156500
-175,-156250
-175,-156000
-175,-155750
-175,-155500
-175,-155250
-175,-155000
-175,-154750
-175,-154500
-175,-154250
-175,-154000
-175,-153750
-175,-153500
-175,-153250
-175,-153000
-175,-152750
-175,-152500
-175,-152250
-175,-152000
-175,-151750
-175,-151500
-175,-151250
-175,-151000
-175,-150750
-175,-150500
-175,-150250
-175,-150000
-175,-149750
-175,-149500
-175,-149250
-175,-149000
-175,-148750
-175,-148500
-175,-148250
-175,-148000
-175,-147750
-175,-147500
-175,-147250
-175,-147000
-175,-146750
-175,-146500
-175,-146250
-175,-146000
-175,-145750
-175,-145500
-175,-145250
-175,-145000
-175,-144750
-175,-144500
-175,-144250
-175,-144000
-175,-143750
-175,-143500
-175,-143250
-175,-143000
-175,-142750
-175,-142500
-175,-142250
-175,-142000
-175,-141750
-175,-141500
-175,-141250
-175,-141000
-175,-140750
-175,-140500
-175,-140250
-175,-140000
-175,-139750
-175,-139500
-175,-139250
-175,-139000
-175,-138750
-175,-138500
-175,-138250
-175,-138000
-175,-137750
-175,-137500
-175,-137250
-175,-137000
-175,-136750
-175,-136500
-175,-136250
-175,-136000
-175,-135750
-175,-135500
-175,-135250
-175,-135000
-175,-134750
-175,-134500
-175,-134250
-175,-134000
-175,-133750
-175,-133500
-175,-133250
-175,-133000
-175,-132750
-175,-132500
-175,-132250
-175,-132000
-175,-131750
-175,-131500
-175,-131250
-175,-131000
-175,-130750
-175,-130500
-175,-130250
-175,-130000
-175,-129750
-175,-129500
-175,-129250
-175,-129000
-175,-128750
-175,-128500
-175,-128250
-175,-128000
-175,-127750
-175,-127500
-175,-127250
-175,-127000
-175,-126750
-175,-126500
-175,-126250
-175,-126000
-175,-125750
-175,-125500
-175,-125250
-175,-125000
-175,-124750
-175,-124500
-175,-124250
-175,-124000
-175,-123750
-175,-123500
-175,-123250
-175,-123000
-175,-122750
-175,-122500
-175,-122250
-175,-122000
-175,-121750
-175,-121500
-175,-121250
-175,-121000
-175,-120750
-175,-120500
-175,-120250
-175,-120000
-175,-119750
-175,-119500
-175,-119250
-175,-119000
-175,-118750
-175,-118500
-175,-118250
-175,-118000
-175,-117750
-175,-117500
-175,-117250
-175,-117000
-175,-116750
-175,-116500
-175,-116250
-175,-116000
-175,-115750
-175,-115500
-175,-115250
-175,-115000
-175,-114750
-175,-114500
-175,-114250
-175,-114000
-175,-113750
-175,-113500
-175,-113250
-175,-113000
-175,-112750
-175,-112500
-175,-112250
-175,-112000
-175,-111750
-175,-111500
-175,-111250
-175,-111000
-175,-110750
-175,-110500
-175,-110250
-175,-110000
-175,-109750
-175,-109500
-175,-109250
-175,-109000
-175,-108750
-175,-108500
-175,-108250
-175,-108000
-175,-107750
-175,-107500
-175,-107250
-175,-107000
-175,-106750
-175,-106500
-175,-106250
-175,-106000
-175,-105750
-175,-105500
-175,-105250
-175,-105000
-175,-104750
-175,-104500
-175,-104250
-175,-104000
-175,-103750
-175,-103500
-175,-103250
-175,-103000
-175,-102750
-175,-102500
-175,-102250
-175,-102000
-175,-101750
-175,-101500
-175,-101250
-175,-101000
-175,-100750
-175,-100500
-175,-100250
-175,-100000
-175,-99750
-175,-99500
-175,-99250
-175,-99000
-175,-98750
-175,-98500
-175,-98250
-175,-98000
-175,-97750
-175,-97500
-175,-97250
-175,-97000
-175,-96750
-175,-96500
-175,-96250
-175,-96000
-175,-95750
-175,-95500
-175,-95250
-175,-95000
-175,-94750
-175,-94500
-175,-94250
-175,-94000
-175,-93750
-175,-93500
-175,-93250
-175,-93000
-175,-92750
-175,-92500
-175,-92250
-175,-92000
-175,-91750
-175,-91500
-175,-91250
-175,-91000
-175,-90750
-175,-90500
-175,-90250
-175,-90000
-175,-89750
-175,-89500
-175,-89250
-175,-89000
-175,-88750
-175,-88500
-175,-88250
-175,-88000
-175,-87750
-175,-87500
-175,-87250
-175,-87000
-175,-86750
-175,-86500
-175,-86250
-175,-86000
-175,-85750
-175,-85500
-175,-85250
-175,-85000
-175,-84750
-175,-84500
-175,-84250
-175,-84000
-175,-83750
-175,-83500
-175,-83250
-175,-83000
-175,-82750
-175,-82500
-175,-82250
-175,-82000
-175,-81750
-175,-81500
-175,-81250
-175,-81000
-175,-80750
-175,-80500
-175,-80250
-175,-80000
-175,-79750
-175,-79500
-175,-79250
-175,-79000
-175,-78750
-175,-78500
-175,-78250
-175,-78000
-175,-77750
-175,-77500
-175,-77250
-175,-77000
-175,-76750
-175,-76500
-175,-76250
-175,-76000
-175,-75750
-175,-75500
-175,-75250
-175,-75000
-175,-74750
-175,-74500
-175,-74250
-175,-74000
-175,-73750
-175,-73500
-175,-73250
-175,-73000
-175,-72750
-175,-72500
-175,-72250
-175,-72000
-175,-71750
-175,-71500
-175,-71250
-175,-71000
-175,-70750
-175,-70500
-175,-70250
-175,-70000
-175,-69750
-175,-69500
-175,-69250
-175,-69000
-175,-68750
-175,-68500
-175,-68250
-175,-68000
-175,-67750
-175,-67500
-175,-67250
-175,-67000
-175,-66750
-175,-66500
-175,-66250
-175,-66000
-175,-65750
-175,-65500
-175,-65250
-175,-65000
-175,-64750
-175,-64500
-175,-64250
-175,-64000
-175,-63750
-175,-63500
-175,-63250
-175,-63000
-175,-62750
-175,-62500
-175,-62250
-175,-62000
-175,-61750
-175,-61500
-175,-61250
-175,-61000
-175,-60750
-175,-60500
-175,-60250
-175,-60000
-175,-59750
-175,-59500
-175,-59250
-175,-59000
-175,-58750
-175,-58500
-175,-58250
-175,-58000
-175,-57750
-175,-57500
-175,-57250
-175,-57000
-175,-56750
-175,-56500
-175,-56250
-175,-56000
-175,-55750
-175,-55500
-175,-55250
-175,-55000
-175,-54750
-175,-54500
-175,-54250
-175,-54000
-175,-53750
-175,-53500
-175,-53250
-175,-53000
-175,-52750
-175,-52500
-175,-52250
-175,-52000
-175,-51750
-175,-51500
-175,-51250
-175,-51000
-175,-50750
-175,-50500
-175,-50250
-175,-50000
-175,-49750
-175,-49500
-175,-49250
-175,-49000
-175,-48750
-175,-48500
-175,-48250
-175,-48000
-175,-47750
-175,-47500
-175,-47250
-175,-47000
-175,-46750
-175,-46500
-175,-46250
-175,-46000
-175,-45750
-175,-45500
-175,-45250
-175,-45000
-175,-44750
-175,-44500
-175,-44250
-175,-44000
-175,-43750
-175,-43500
-175,-43250
-175,-43000
-175,-42750
-175,-42500
-175,-42250
-175,-42000
-175,-41750
-175,-41500
-175,-41250
-175,-41000
-175,-40750
-175,-40500
-175,-40250
-175,-40000
-175,-39750
-175,-39500
-175,-39250
-175,-39000
-175,-38750
-175,-38500
-175,-38250
-175,-38000
-175,-37750
-175,-37500
-175,-37250
-175,-37000
-175,-36750
-175,-36500
-175,-36250
-175,-36000
-175,-35750
-175,-35500
-175,-35250
-175,-35000
-175,-34750
-175,-34500
-175,-34250
-175,-34000
-175,-33750
-175,-33500
-175,-33250
-175,-33000
-175,-32750
-175,-32500
-175,-32250
-175,-32000
-175,-31750
-175,-31500
-175,-31250
-175,-31000
-175,-30750
-175,-30500
-175,-30250
-175,-30000
-175,-29750
-175,-29500
-175,-29250
-175,-29000
-175,-28750
-175,-28500
-175,-28250
-175,-28000
-175,-27750
-175,-27500
-175,-27250
-175,-27000
-175,-26750
-175,-26500
-175,-26250
-175,-26000
-175,-25750
-175,-25500
-175,-25250
-175,-25000
-175,-24750
-175,-24500
-175,-24250
-175,-24000
-175,-23750
-175,-23500
-175,-23250
-175,-23000
-175,-22750
-175,-22500
-175,-22250
-175,-22000
-175,-21750
-175,-21500
-175,-21250
-175,-21000
-175,-20750
-175,-20500
-175,-20250
-175,-20000
-175,-19750
-175,-19500
-175,-19250
-175,-19000
-175,-18750
-175,-18500
-175,-18250
-175,-18000
-175,-17750
-175,-17500
-175,-17250
-175,-17000
-175,-16750
-175,-16500
-175,-16250
-175,-16000
-175,-15750
-175,-15500
-175,-15250
-175,-15000
-175,-14750
-175,-14500
-175,-14250
-175,-14000
-175,-13750
-175,-13500
-175,-13250
-175,-13000
-175,-12750
-175,-12500
-175,-12250
-175,-12000
-175,-11750
-175,-11500
-175,-11250
-175,-11000
-175,-10750
-175,-10500
-175,-10250
-175,-10000
-175,-9750
-175,-9500
-175,-9250
-175,-9000
-175,-8750
-175,-8500
-175,-8250
-175,-8000
-175,-7750
-175,-7500
-175,-7250
-175,-7000
-175,-6750
-175,-6500
-175,-6250
-175,-6000
-175,-5750
-175,-5500
-175,-5250
-175,-5000
-175,-4750
-175,-4500
-175,-4250
-175,-4000
-175,-3750
-175,-3500
-175,-3250
-175,-3000
-175,-2750
-175,-2500
-175,-2250
-175,-2000
-175,-1750
-175,-1500
-175,-1250
-175,-1000
-175,-750
-175,-500
-175,-250
-175,0
-175,250
-175,500
-175,750
-175,1000
-175,1250
-175,1500
-175,1750
-175,2000
-175,2250
-175,2500
-175,2750
-175,3000
-175,3250
-175,3500
-175,3750
-175,4000
-175,4250
-175,4500
-175,4750
-175,5000
-175,5250
-175,5500
-175,5750
-175,6000
-175,6250
-175,6500
-175,6750
-175,7000
-175,7250
-175,7500
-175,7750
-175,8000
-175,8250
-175,8500
-175,8750
-175,9000
-175,9250
-175,9500
-175,9750
-175,10000
-175,10250
-175,10500
-175,10750
-175,11000
-175,11250
-175,11500
-175,11750
-175,12000
-175,12250
-175,12500
-175,12750
-175,13000
-175,13250
-175,13500
-175,13750
-175,14000
-175,14250
-175,14500
-175,14750
-175,15000
-175,15250
-175,15500
-175,15750
-175,16000
-175,16250
-175,16500
-175,16750
-175,17000
-175,17250
-175,17500
-175,17750
-175,18000
-175,18250
-175,18500
-175,18750
-175,19000
-175,19250
-175,19500
-175,19750
-175,20000
-175,20250
-175,20500
-175,20750
-175,21000
-175,21250
-175,21500
-175,21750
-175,22000
-175,22250
-175,22500
-175,22750
-175,23000
-175,23250
-175,23500
-175,23750
-175,24000
-175,24250
-175,24500
-175,24750
-175,25000
-175,25250
-175,25500
-175,25750
-175,26000
-175,26250
-175,26500
-175,26750
-175,27000
-175,27250
-175,27500
-175,27750
-175,28000
-175,28250
-175,28500
-175,28750
-175,29000
-175,29250
-175,29500
-175,29750
-175,30000
-175,30250
-175,30500
-175,30750
-175,31000
-175,31250
-175,31500
-175,31750
-175,32000
-175,32250
-175,32500
-175,32750
-175,33000
-175,33250
-175,33500
-175,33750
-175,34000
-175,34250
-175,34500
-175,34750
-175,35000
-175,35250
-175,35500
-175,35750
-175,36000
-175,36250
-175,36500
-175,36750
-175,37000
-175,37250
-175,37500
-175,37750
-175,38000
-175,38250
-175,38500
-175,38750
-175,39000
-175,39250
-175,39500
-175,39750
-175,40000
-175,40250
-175,40500
-175,40750
-175,41000
-175,41250
-175,41500
-175,41750
-175,42000
-175,42250
-175,42500
-175,42750
-175,43000
-175,43250
-175,43500
-175,43750
-175,44000
-175,44250
-175,44500
-175,44750
-175,45000
-175,45250
-175,45500
-175,45750
-175,46000
-175,46250
-175,46500
-175,46750
-175,47000
-175,47250
-175,47500
-175,47750
-175,48000
-175,48250
-175,48500
-175,48750
-175,49000
-175,49250
-175,49500
-175,49750
-175,50000
-175,50250
-175,50500
-175,50750
-175,51000
-175,51250
-175,51500
-175,51750
-175,52000
-175,52250
-175,52500
-175,52750
-175,53000
-175,53250
-175,53500
-175,53750
-175,54000
-175,54250
-175,54500
-175,54750
-175,55000
-175,55250
-175,55500
-175,55750
-175,56000
-175,56250
-175,56500
-175,56750
-175,57000
-175,57250
-175,57500
-175,57750
-175,58000
-175,58250
-175,58500
-175,58750
-175,59000
-175,59250
-175,59500
-175,59750
-175,60000
-175,60250
-175,60500
-175,60750
-175,61000
-175,61250
-175,61500
-175,61750
-175,62000
-175,62250
-175,62500
-175,62750
-175,63000
-175,63250
-175,63500
-175,63750
-175,64000
-175,64250
-175,64500
-175,64750
-175,65000
-175,65250
-175,65500
-175,65750
-175,66000
-175,66250
-175,66500
-175,66750
-175,67000
-175,67250
-175,67500
-175,67750
-175,68000
-175,68250
-175,68500
-175,68750
-175,69000
-175,69250
-175,69500
-175,69750
-175,70000
-175,70250
-175,70500
-175,70750
-175,71000
-175,71250
-175,71500
-175,71750
-175,72000
-175,72250
-175,72500
-175,72750
-175,73000
-175,73250
-175,73500
-175,73750
-175,74000
-175,74250
-175,74500
-175,74750
-175,75000
-175,75250
-175,75500
-175,75750
-175,76000
-175,76250
-175,76500
-175,76750
-175,77000
-175,77250
-175,77500
-175,77750
-175,78000
-175,78250
-175,78500
-175,78750
-175,79000
-175,79250
-175,79500
-175,79750
-175,80000
-175,80250
-175,80500
-175,80750
-175,81000
-175,81250
-175,81500
-175,81750
-175,82000
-175,82250
-175,82500
-175,82750
-175,83000
-175,83250
-175,83500
-175,83750
-175,84000
-175,84250
-175,84500
-175,84750
-175,85000
-175,85250
-175,85500
-175,85750
-175,86000
-175,86250
-175,86500
-175,86750
-175,87000
-175,87250
-175,87500
-175,87750
-175,88000
-175,88250
-175,88500
-175,88750
-175,89000
-175,89250
-175,89500
-175,89750
-175,90000
-175,90250
-175,90500
-175,90750
-175,91000
-175,91250
-175,91500
-175,91750
-175,92000
-175,92250
-175,92500
-175,92750
-175,93000
-175,93250
-175,93500
-175,93750
-175,94000
-175,94250
-175,94500
-175,94750
-175,95000
-175,95250
-175,95500
-175,95750
-175,96000
-175,96250
-175,96500
-175,96750
-175,97000
-175,97250
-175,97500
-175,97750
-175,98000
-175,98250
-175,98500
-175,98750
-175,99000
-175,99250
-175,99500
-175,99750
-175,100000
-175,100250
-175,100500
-175,100750
-175,101000
-175,101250
-175,101500
-175,101750
-175,102000
-175,102250
-175,102500
-175,102750
-175,103000
-175,103250
-175,103500
-175,103750
-175,104000
-175,104250
-175,104500
-175,104750
-175,105000
-175,105250
-175,105500
-175,105750
-175,106000
-175,106250
-175,106500
-175,106750
-175,107000
-175,107250
-175,107500
-175,107750
-175,108000
-175,108250
-175,108500
-175,108750
-175,109000
-175,109250
-175,109500
-175,109750
-175,110000
-175,110250
-175,110500
-175,110750
-175,111000
-175,111250
-175,111500
-175,111750
-175,112000
-175,112250
-175,112500
-175,112750
-175,113000
-175,113250
-175,113500
-175,113750
-175,114000
-175,114250
-175,114500
-175,114750
-175,115000
-175,115250
-175,115500
-175,115750
-175,116000
-175,116250
-175,116500
-175,116750
-175,117000
-175,117250
-175,117500
-175,117750
-175,118000
-175,118250
-175,118500
-175,118750
-175,119000
-175,119250
-175,119500
-175,119750
-175,120000
-175,120250
-175,120500
-175,120750
-175,121000
-175,121250
-175,121500
-175,121750
-175,122000
-175,122250
-175,122500
-175,122750
-175,123000
-175,123250
-175,123500
-175,123750
-175,124000
-175,124250
-175,124500
-175,124750
-175,125000
-175,125250
-175,125500
-175,125750
-175,126000
-175,126250
-175,126500
-175,126750
-175,127000
-175,127250
-175,127500
-175,127750
-175,128000
-175,128250
-175,128500
-175,128750
-175,129000
-175,129250
-175,129500
-175,129750
-175,130000
-175,130250
-175,130500
-175,130750
-175,131000
-175,131250
-175,131500
-175,131750
-175,132000
-175,132250
-175,132500
-175,132750
-175,133000
-175,133250
-175,133500
-175,133750
-175,134000
-175,134250
-175,134500
-175,134750
-175,135000
-175,135250
-175,135500
-175,135750
-175,136000
-175,136250
-175,136500
-175,136750
-175,137000
-175,137250
-175,137500
-175,137750
-175,138000
-175,138250
-175,138500
-175,138750
-175,139000
-175,139250
-175,139500
-175,139750
-175,140000
-175,140250
-175,140500
-175,140750
-175,141000
-175,141250
-175,141500
-175,141750
-175,142000
-175,142250
-175,142500
-175,142750
-175,143000
-175,143250
-175,143500
-175,143750
-175,144000
-175,144250
-175,144500
-175,144750
-175,145000
-175,145250
-175,145500
-175,145750
-175,146000
-175,146250
-175,146500
-175,146750
-175,147000
-175,147250
-175,147500
-175,147750
-175,148000
-175,148250
-175,148500
-175,148750
-175,149000
-175,149250
-175,149500
-175,149750
-175,150000
-175,150250
-175,150500
-175,150750
-175,151000
-175,151250
-175,151500
-175,151750
-175,152000
-175,152250
-175,152500
-175,152750
-175,153000
-175,153250
-175,153500
-175,153750
-175,154000
-175,154250
-175,154500
-175,154750
-175,155000
-175,155250
-175,155500
-175,155750
-175,156000
-175,156250
-175,156500
-175,156750
-175,157000
-175,157250
-175,157500
-175,157750
-175,158000
-175,158250
-175,158500
-175,158750
-175,159000
-175,159250
-175,159500
-175,159750
-175,160000
-175,160250
-175,160500
-175,160750
-175,161000
-175,161250
-175,161500
-175,161750
-175,162000
-175,162250
-175,162500
-175,162750
-175,163000
-175,163250
-175,163500
-175,163750
-175,164000
-175,164250
-175,164500
-175,164750
-175,165000
-175,165250
-175,165500
-175,165750
-175,166000
-175,166250
-175,166500
-175,166750
-175,167000
-175,167250
-175,167500
-175,167750
-175,168000
-175,168250
-175,168500
-175,168750
-175,169000
-175,169250
-175,169500
-175,169750
-175,170000
-175,170250
-175,170500
-175,170750
-175,171000
-175,171250
-175,171500
-175,171750
-175,172000
-175,172250
-175,172500
-175,172750
-175,173000
-175,173250
-175,173500
-175,173750
-175,174000
-175,174250
-175,174500
-175,174750
-175,175000
-175,175250
-175,175500
-175,175750
-175,176000
-175,176250
-175,176500
-175,176750
-175,177000
-175,177250
-175,177500
-175,177750
-175,178000
-175,178250
-175,178500
-175,178750
-175,179000
-175,179250
-175,179500
-175,179750
